target_path	mode	source_head	source_blob	target_blob
advisor-os/cartera/canonical-confirmation-review-service.js	COPY_ACCEPTED_BLOB	b83a37abe3eb8b3a48c2fe89940b562e1367bfcc	00dfa461ede2c2070c5e7195a4ccb3233154d344	00dfa461ede2c2070c5e7195a4ccb3233154d344
advisor-os/cartera/canonical-directory-service.js	COPY_ACCEPTED_BLOB	b83a37abe3eb8b3a48c2fe89940b562e1367bfcc	b7f6d1dca3ab6440196a793aa2328b994b106b4a	b7f6d1dca3ab6440196a793aa2328b994b106b4a
advisor-os/cartera/canonical-portfolio-service.js	COPY_ACCEPTED_BLOB	b83a37abe3eb8b3a48c2fe89940b562e1367bfcc	5d1cc1b67092f52d8d6feca1ac4de71bfb128ec2	5d1cc1b67092f52d8d6feca1ac4de71bfb128ec2
advisor-os/cartera/cartera-030b-payment-obligation-service.js	COPY_ACCEPTED_BLOB	b83a37abe3eb8b3a48c2fe89940b562e1367bfcc	cf4c66cafb037d3a6306efd2725764f3b53f277e	cf4c66cafb037d3a6306efd2725764f3b53f277e
advisor-os/cartera/cartera-030c-confirmed-payment-reconciliation-service.js	COPY_ACCEPTED_BLOB	b83a37abe3eb8b3a48c2fe89940b562e1367bfcc	a60fb46a42d57ed11a147aa7154289a23fe22941	a60fb46a42d57ed11a147aa7154289a23fe22941
advisor-os/cartera/cartera-030d-policy-payment-calendar-enhancement.js	COPY_ACCEPTED_BLOB	b83a37abe3eb8b3a48c2fe89940b562e1367bfcc	7052c3b93b6567cad77459ce94698bb9e6c05648	7052c3b93b6567cad77459ce94698bb9e6c05648
advisor-os/cartera/cartera-030d-policy-payment-calendar-service.js	COPY_ACCEPTED_BLOB	b83a37abe3eb8b3a48c2fe89940b562e1367bfcc	6bd3ee42de428b78621353d001b5fe1547e13b5c	6bd3ee42de428b78621353d001b5fe1547e13b5c
advisor-os/cartera/cartera-040a-relationship-memory-service.js	COPY_ACCEPTED_BLOB	b83a37abe3eb8b3a48c2fe89940b562e1367bfcc	931c6273e98a622bbd319b9efd48a7c46d14d15b	931c6273e98a622bbd319b9efd48a7c46d14d15b
advisor-os/cartera/cartera-040d-relationship-memory-enhancement.js	COPY_ACCEPTED_BLOB	b83a37abe3eb8b3a48c2fe89940b562e1367bfcc	a41b518e86288453e94b38f3770c94da9293a9ea	a41b518e86288453e94b38f3770c94da9293a9ea
advisor-os/cartera/cartera-050a-future-radar-service.js	COPY_ACCEPTED_BLOB	b83a37abe3eb8b3a48c2fe89940b562e1367bfcc	d0579969462d1a1cea3b57df3dc2b466481c468b	d0579969462d1a1cea3b57df3dc2b466481c468b
advisor-os/cartera/cartera-050d-future-radar-enhancement.js	COPY_ACCEPTED_BLOB	b83a37abe3eb8b3a48c2fe89940b562e1367bfcc	570948ef044a8b278f70d58acaa37cc8ac7259b8	570948ef044a8b278f70d58acaa37cc8ac7259b8
advisor-os/cartera/cartera-060c-relationship-growth-service.js	COPY_ACCEPTED_BLOB	b83a37abe3eb8b3a48c2fe89940b562e1367bfcc	578b245f00734cb1872d7f64ce7fa7086fd472f6	578b245f00734cb1872d7f64ce7fa7086fd472f6
advisor-os/cartera/cartera-060d-relationship-growth-enhancement.js	COPY_ACCEPTED_BLOB	b83a37abe3eb8b3a48c2fe89940b562e1367bfcc	49a9b72ace50a1b31443170b83f0e20f9fa7b7f6	49a9b72ace50a1b31443170b83f0e20f9fa7b7f6
advisor-os/cartera/cartera-070c-relational-activation-service.js	COPY_ACCEPTED_BLOB	b83a37abe3eb8b3a48c2fe89940b562e1367bfcc	90571412061e0c279630bd3e7f07b216420f6a96	90571412061e0c279630bd3e7f07b216420f6a96
advisor-os/cartera/cartera-070d-relational-activation-enhancement.js	COPY_ACCEPTED_BLOB	b83a37abe3eb8b3a48c2fe89940b562e1367bfcc	394732be7d25ecdca82da8e76d74e91d80bcb668	394732be7d25ecdca82da8e76d74e91d80bcb668
advisor-os/cartera/cartera-080-economic-connection-service.js	COPY_ACCEPTED_BLOB	b83a37abe3eb8b3a48c2fe89940b562e1367bfcc	e6164eb627e8d7471f2f8037ff189305d1a0ff28	e6164eb627e8d7471f2f8037ff189305d1a0ff28
advisor-os/cartera/cartera-080d-economic-connection-enhancement.js	COPY_ACCEPTED_BLOB	b83a37abe3eb8b3a48c2fe89940b562e1367bfcc	0d841fe519508c13a09087a066edd3b7993f682f	0d841fe519508c13a09087a066edd3b7993f682f
advisor-os/cartera/cartera-090c-relationship-capital-service.js	COPY_ACCEPTED_BLOB	b83a37abe3eb8b3a48c2fe89940b562e1367bfcc	1fb4254a6c8b42a5c8d710f69ba0d5e791d77909	1fb4254a6c8b42a5c8d710f69ba0d5e791d77909
advisor-os/cartera/cartera-090d-relationship-capital-enhancement.js	COPY_ACCEPTED_BLOB	b83a37abe3eb8b3a48c2fe89940b562e1367bfcc	54d3063db05b26e8bdfa22f36f079003fe43ccd8	54d3063db05b26e8bdfa22f36f079003fe43ccd8
advisor-os/cartera/cartera-100c-productivity-proof-service.js	COPY_ACCEPTED_BLOB	b83a37abe3eb8b3a48c2fe89940b562e1367bfcc	e90cb45c5056e6f5eaf7ba17b2fc535c8d84e03d	e90cb45c5056e6f5eaf7ba17b2fc535c8d84e03d
advisor-os/cartera/cartera-100d-productivity-proof-enhancement.js	COPY_ACCEPTED_BLOB	b83a37abe3eb8b3a48c2fe89940b562e1367bfcc	5ed79e49ce4045400ac8508608ea6c5417e62695	5ed79e49ce4045400ac8508608ea6c5417e62695
advisor-os/cartera/cartera-110c-program-promotion-decision-service.js	COPY_ACCEPTED_BLOB	b83a37abe3eb8b3a48c2fe89940b562e1367bfcc	fe7763162aec0c1c569d9b30f881ed71fba6f5c5	fe7763162aec0c1c569d9b30f881ed71fba6f5c5
advisor-os/cartera/persistent-confirmation-orchestration-service.js	COPY_ACCEPTED_BLOB	b83a37abe3eb8b3a48c2fe89940b562e1367bfcc	2ef2c648cf80de34d164336989c1ddffa17bc444	2ef2c648cf80de34d164336989c1ddffa17bc444
advisor-os/sales-pipeline/productive-prospect-bootstrap.js	COPY_ACCEPTED_BLOB	b83a37abe3eb8b3a48c2fe89940b562e1367bfcc	3d568452566bb05f58682d06bbf1cbaa14f9b564	3d568452566bb05f58682d06bbf1cbaa14f9b564
advisor-os/sales-pipeline/prospect-quote-detail-projection-ui.js	COPY_ACCEPTED_BLOB	b83a37abe3eb8b3a48c2fe89940b562e1367bfcc	de9990e2434c9c297cb3ae4e28fcad96ceebe60a	de9990e2434c9c297cb3ae4e28fcad96ceebe60a
cartera.js	REPLACE_LEGACY_WITH_ACCEPTED_CANONICAL_ROUTE	b83a37abe3eb8b3a48c2fe89940b562e1367bfcc	9b03cb4b13cf93fe4ceee1d8bb04dd3be9b9d735	9b03cb4b13cf93fe4ceee1d8bb04dd3be9b9d735
docs/architecture/source-truth/FORGE_CARTERA_001A_PIPELINE_QUOTE_EVENT_CONTRACT_DISCOVERY_001.md	COPY_ACCEPTED_BLOB	b83a37abe3eb8b3a48c2fe89940b562e1367bfcc	f86cfa2f45d3bc119e4c7eefb7a4cf9fe32d9222	f86cfa2f45d3bc119e4c7eefb7a4cf9fe32d9222
docs/architecture/source-truth/FORGE_CARTERA_001B_QUOTE_LIFECYCLE_EVENT_BRIDGE_AUTHORITY_001.md	COPY_ACCEPTED_BLOB	b83a37abe3eb8b3a48c2fe89940b562e1367bfcc	5830066d14fe34b214eeca42b36ab506b2a256a8	5830066d14fe34b214eeca42b36ab506b2a256a8
docs/architecture/source-truth/FORGE_CARTERA_001B_QUOTE_LIFECYCLE_EVENT_BRIDGE_CLOSURE_001.md	COPY_ACCEPTED_BLOB	b83a37abe3eb8b3a48c2fe89940b562e1367bfcc	3122cfccd243505106258854999844861b0485a3	3122cfccd243505106258854999844861b0485a3
docs/architecture/source-truth/FORGE_CARTERA_001B_REMOTE_ACCEPTANCE_CLOSURE_001.md	COPY_ACCEPTED_BLOB	b83a37abe3eb8b3a48c2fe89940b562e1367bfcc	eb61fe70e14ccf109f1508d6b316705241c8d880	eb61fe70e14ccf109f1508d6b316705241c8d880
docs/architecture/source-truth/FORGE_CARTERA_001B_REMOTE_ACCEPTANCE_STAGE_GATE_001.md	COPY_ACCEPTED_BLOB	b83a37abe3eb8b3a48c2fe89940b562e1367bfcc	ad7eea12d82723ea6e25c64209cd97661a756193	ad7eea12d82723ea6e25c64209cd97661a756193
docs/architecture/source-truth/FORGE_CARTERA_001C_PROSPECT_DETAIL_TIMELINE_PROJECTION_CLOSURE_001.md	COPY_ACCEPTED_BLOB	b83a37abe3eb8b3a48c2fe89940b562e1367bfcc	c53c494e0448841ea4699306054b0ee187c4936b	c53c494e0448841ea4699306054b0ee187c4936b
docs/architecture/source-truth/FORGE_CARTERA_001D_VERTICAL_ACCEPTANCE_AND_CLOSURE_001.md	COPY_ACCEPTED_BLOB	b83a37abe3eb8b3a48c2fe89940b562e1367bfcc	c75f482864a4597ca5e53b4d939e7c002cf4cda5	c75f482864a4597ca5e53b4d939e7c002cf4cda5
docs/architecture/source-truth/FORGE_CARTERA_001D_VERTICAL_ACCEPTANCE_STAGE_GATE_001.md	COPY_ACCEPTED_BLOB	b83a37abe3eb8b3a48c2fe89940b562e1367bfcc	af9e17c19ff88e786d13f3c14aceb47cc594978f	af9e17c19ff88e786d13f3c14aceb47cc594978f
docs/architecture/source-truth/FORGE_CARTERA_010A_IDENTITY_POLICY_PERSISTENCE_SCOPE_001.md	COPY_ACCEPTED_BLOB	b83a37abe3eb8b3a48c2fe89940b562e1367bfcc	46f6c34a5a408ed348d558fb6dd7415cce3f21b2	46f6c34a5a408ed348d558fb6dd7415cce3f21b2
docs/architecture/source-truth/FORGE_CARTERA_010B_GOVERNED_COMMAND_RPCS_PROGRESS_002.md	COPY_ACCEPTED_BLOB	b83a37abe3eb8b3a48c2fe89940b562e1367bfcc	e8b7729308bd6d683907d5a9f7f5ef1f8660b954	e8b7729308bd6d683907d5a9f7f5ef1f8660b954
docs/architecture/source-truth/FORGE_CARTERA_010B_PERSISTENCE_FOUNDATION_PROGRESS_001.md	COPY_ACCEPTED_BLOB	b83a37abe3eb8b3a48c2fe89940b562e1367bfcc	e1fb6382ee4496a142e2bf593137417600967dff	e1fb6382ee4496a142e2bf593137417600967dff
docs/architecture/source-truth/FORGE_CARTERA_010C_CANONICAL_READ_MODEL_ROUTE_ADAPTER_PROGRESS_002.md	COPY_ACCEPTED_BLOB	b83a37abe3eb8b3a48c2fe89940b562e1367bfcc	96da535c4f568f6bde1d7cca589ebe1f8a418e9d	96da535c4f568f6bde1d7cca589ebe1f8a418e9d
docs/architecture/source-truth/FORGE_CARTERA_010C_POLICY_DETAIL_TIMELINE_PROGRESS_003.md	COPY_ACCEPTED_BLOB	b83a37abe3eb8b3a48c2fe89940b562e1367bfcc	d8d689b4e6dcdcd80a1487f0358e940090d1488b	d8d689b4e6dcdcd80a1487f0358e940090d1488b
docs/architecture/source-truth/FORGE_CARTERA_010C_POLICY_TIMELINE_PERSON_ACCOUNT_PROJECTION_SCOPE_001.md	COPY_ACCEPTED_BLOB	b83a37abe3eb8b3a48c2fe89940b562e1367bfcc	076599109b6f3d85ca8a1d6a72ef71c94e218b65	076599109b6f3d85ca8a1d6a72ef71c94e218b65
docs/architecture/source-truth/FORGE_CARTERA_010D_UNIFIED_DIRECTORY_RELATIONSHIP_SEARCH_SCOPE_001.md	COPY_ACCEPTED_BLOB	b83a37abe3eb8b3a48c2fe89940b562e1367bfcc	5ff89bcaebd5ba617ad46949fa710f5bd2138f6f	5ff89bcaebd5ba617ad46949fa710f5bd2138f6f
docs/architecture/source-truth/FORGE_CARTERA_020A_POLICY_INTAKE_ADAPTER_SCOPE_001.md	COPY_ACCEPTED_BLOB	b83a37abe3eb8b3a48c2fe89940b562e1367bfcc	b69ae0fd11bd48144cefb383f32f3dd081853c51	b69ae0fd11bd48144cefb383f32f3dd081853c51
docs/architecture/source-truth/FORGE_CARTERA_020B_PERSISTENT_EVIDENCE_WORKER_PROGRESS_001.md	COPY_ACCEPTED_BLOB	b83a37abe3eb8b3a48c2fe89940b562e1367bfcc	6c257e7462789c988261fb858f87b9d7ae7bcf0a	6c257e7462789c988261fb858f87b9d7ae7bcf0a
docs/architecture/source-truth/FORGE_CARTERA_020C_GOVERNED_COMMAND_COMPOSER_PROGRESS_002.md	COPY_ACCEPTED_BLOB	b83a37abe3eb8b3a48c2fe89940b562e1367bfcc	8bfa1afa295edd3f2b224e66286e19daa9b326fd	8bfa1afa295edd3f2b224e66286e19daa9b326fd
docs/architecture/source-truth/FORGE_CARTERA_020C_IDENTITY_POLICY_CONFIRMATION_REVIEW_SCOPE_001.md	COPY_ACCEPTED_BLOB	b83a37abe3eb8b3a48c2fe89940b562e1367bfcc	c27099fd5ee9a4531edbc0d24a4fcf8445b29747	c27099fd5ee9a4531edbc0d24a4fcf8445b29747
docs/architecture/source-truth/FORGE_CARTERA_020C_PERSISTENT_CONFIRMATION_ORCHESTRATION_PROGRESS_003.md	COPY_ACCEPTED_BLOB	b83a37abe3eb8b3a48c2fe89940b562e1367bfcc	858d40f310e401fe1e6ea17f200e0cb05d21574e	858d40f310e401fe1e6ea17f200e0cb05d21574e
docs/architecture/source-truth/FORGE_CARTERA_030A_POLICY_PAYMENT_CALENDAR_SCOPE_001.md	COPY_ACCEPTED_BLOB	b83a37abe3eb8b3a48c2fe89940b562e1367bfcc	ebc1c2e0c061e511ebdcc2fbf90d10c34055eab5	ebc1c2e0c061e511ebdcc2fbf90d10c34055eab5
docs/architecture/source-truth/FORGE_CARTERA_030B_EXPECTED_PAYMENT_OBLIGATION_LEDGER_PROGRESS_001.md	COPY_ACCEPTED_BLOB	b83a37abe3eb8b3a48c2fe89940b562e1367bfcc	76d4e18db74c7ed394eb64af25e7221c42b5523d	76d4e18db74c7ed394eb64af25e7221c42b5523d
docs/architecture/source-truth/FORGE_CARTERA_030CD_COMBINED_POLICY_PAYMENT_PRODUCT_001.md	COPY_ACCEPTED_BLOB	b83a37abe3eb8b3a48c2fe89940b562e1367bfcc	7e06eb9021b798db10fcbaa990c390281e12184a	7e06eb9021b798db10fcbaa990c390281e12184a
docs/architecture/source-truth/FORGE_CARTERA_040ABCD_RELATIONSHIP_MEMORY_PRODUCT_001.md	COPY_ACCEPTED_BLOB	b83a37abe3eb8b3a48c2fe89940b562e1367bfcc	d35e0698ea4e1f172df2344c77f0d0c5bf545b65	d35e0698ea4e1f172df2344c77f0d0c5bf545b65
docs/architecture/source-truth/FORGE_CARTERA_050ABCD_FUTURE_RADAR_PRODUCT_001.md	COPY_ACCEPTED_BLOB	b83a37abe3eb8b3a48c2fe89940b562e1367bfcc	e0140607018a6a5e33d3a049ca9280bafa05fab5	e0140607018a6a5e33d3a049ca9280bafa05fab5
docs/architecture/source-truth/FORGE_CARTERA_060ABCD_RELATIONSHIP_GROWTH_INTELLIGENCE_001.md	COPY_ACCEPTED_BLOB	b83a37abe3eb8b3a48c2fe89940b562e1367bfcc	57c4c9cdc50932a3ebba444714d935c22419d6cb	57c4c9cdc50932a3ebba444714d935c22419d6cb
docs/architecture/source-truth/FORGE_CARTERA_070ABCD_RELATIONAL_ACTIVATION_001.md	COPY_ACCEPTED_BLOB	b83a37abe3eb8b3a48c2fe89940b562e1367bfcc	de5ad8a45fccb08b358585de26204addfbce121c	de5ad8a45fccb08b358585de26204addfbce121c
docs/architecture/source-truth/FORGE_CARTERA_080ABCD_ECONOMIC_CONNECTION_REWORK_001.md	COPY_ACCEPTED_BLOB	b83a37abe3eb8b3a48c2fe89940b562e1367bfcc	9a93d2e15a09cadf032ef4f7a36c94ba1fd3c7db	9a93d2e15a09cadf032ef4f7a36c94ba1fd3c7db
docs/architecture/source-truth/FORGE_CARTERA_090ABCD_RELATIONSHIP_CAPITAL_001.md	COPY_ACCEPTED_BLOB	b83a37abe3eb8b3a48c2fe89940b562e1367bfcc	c4ec3d501b6f46ed425a813a692f6349cc8f6852	c4ec3d501b6f46ed425a813a692f6349cc8f6852
docs/architecture/source-truth/FORGE_CARTERA_100ABCD_PRODUCTIVITY_PROOF_AND_LEARNING_001.md	COPY_ACCEPTED_BLOB	b83a37abe3eb8b3a48c2fe89940b562e1367bfcc	4feefd648f84f7c70fe011f545adc93468fe4824	4feefd648f84f7c70fe011f545adc93468fe4824
docs/architecture/source-truth/FORGE_CARTERA_110ABCD_PROGRAM_COMPLETION_AND_PROMOTION_001.md	COPY_ACCEPTED_BLOB	b83a37abe3eb8b3a48c2fe89940b562e1367bfcc	e647cb46e96b8f8817601d6b6e277a38de45946a	e647cb46e96b8f8817601d6b6e277a38de45946a
docs/evidence/FORGE_CARTERA_001A_PIPELINE_QUOTE_EVENT_CONTRACT_DISCOVERY_EVIDENCE_001.md	COPY_ACCEPTED_BLOB	b83a37abe3eb8b3a48c2fe89940b562e1367bfcc	85c0750fe447bafda9c5bd1007ba5ba6641d68ed	85c0750fe447bafda9c5bd1007ba5ba6641d68ed
docs/evidence/FORGE_CARTERA_010A_IDENTITY_POLICY_PERSISTENCE_SCOPE_EVIDENCE_001.md	COPY_ACCEPTED_BLOB	b83a37abe3eb8b3a48c2fe89940b562e1367bfcc	c18093851320090cb77ed4385f4db0fec85d7840	c18093851320090cb77ed4385f4db0fec85d7840
docs/evidence/FORGE_CARTERA_010B_REMOTE_ACCEPTANCE_CLOSURE_001.md	COPY_ACCEPTED_BLOB	b83a37abe3eb8b3a48c2fe89940b562e1367bfcc	06972adb26a6198823c157e67a023b46bd267932	06972adb26a6198823c157e67a023b46bd267932
docs/evidence/FORGE_CARTERA_010B_REMOTE_ACCEPTANCE_PREPARATION_001.md	COPY_ACCEPTED_BLOB	b83a37abe3eb8b3a48c2fe89940b562e1367bfcc	3daff4cbd099f88ba6e2bee09f8bcabd4a6d97a3	3daff4cbd099f88ba6e2bee09f8bcabd4a6d97a3
docs/evidence/FORGE_CARTERA_010C_REMOTE_READ_BROWSER_ACCEPTANCE_CLOSURE_001.md	COPY_ACCEPTED_BLOB	b83a37abe3eb8b3a48c2fe89940b562e1367bfcc	1f810dd75fdc33153d87ee7306a269b3bb4c3379	1f810dd75fdc33153d87ee7306a269b3bb4c3379
docs/evidence/FORGE_CARTERA_010C_REMOTE_READ_BROWSER_ACCEPTANCE_PREPARATION_001.md	COPY_ACCEPTED_BLOB	b83a37abe3eb8b3a48c2fe89940b562e1367bfcc	4597b53e46dc735a7f6771cdccfb440651d66a02	4597b53e46dc735a7f6771cdccfb440651d66a02
docs/evidence/FORGE_CARTERA_010D_REMOTE_DIRECTORY_BROWSER_ACCEPTANCE_CLOSURE_001.md	COPY_ACCEPTED_BLOB	b83a37abe3eb8b3a48c2fe89940b562e1367bfcc	1a957b6804e1292f61008ff567e34b11cc064c27	1a957b6804e1292f61008ff567e34b11cc064c27
docs/evidence/FORGE_CARTERA_010D_REMOTE_DIRECTORY_BROWSER_ACCEPTANCE_PREPARATION_001.md	COPY_ACCEPTED_BLOB	b83a37abe3eb8b3a48c2fe89940b562e1367bfcc	7ac63189881cee46a2a55d803cfa3c06333a4395	7ac63189881cee46a2a55d803cfa3c06333a4395
docs/evidence/FORGE_CARTERA_020B_REMOTE_ACCEPTANCE_CLOSURE_001.md	COPY_ACCEPTED_BLOB	b83a37abe3eb8b3a48c2fe89940b562e1367bfcc	0c13763c43cccf730377ef889869e16ca8ca4cba	0c13763c43cccf730377ef889869e16ca8ca4cba
docs/evidence/FORGE_CARTERA_020B_REMOTE_ACCEPTANCE_PREPARATION_001.md	COPY_ACCEPTED_BLOB	b83a37abe3eb8b3a48c2fe89940b562e1367bfcc	dbb28b3a48cabb097055a7e845da812c67c97ef5	dbb28b3a48cabb097055a7e845da812c67c97ef5
docs/evidence/FORGE_CARTERA_020C_REMOTE_ACCEPTANCE_CLOSURE_001.md	COPY_ACCEPTED_BLOB	b83a37abe3eb8b3a48c2fe89940b562e1367bfcc	07b9ebdce27d8123dc9120318004b645d366a14a	07b9ebdce27d8123dc9120318004b645d366a14a
docs/evidence/FORGE_CARTERA_020C_REMOTE_ACCEPTANCE_PREPARATION_001.md	COPY_ACCEPTED_BLOB	b83a37abe3eb8b3a48c2fe89940b562e1367bfcc	3c1eb748354e9536b4ee0aaee1979c8a170ff350	3c1eb748354e9536b4ee0aaee1979c8a170ff350
docs/evidence/FORGE_CARTERA_030CD_IMPLEMENTATION_PROGRESS_001.md	COPY_ACCEPTED_BLOB	b83a37abe3eb8b3a48c2fe89940b562e1367bfcc	52f32fb3988a81267a46ce21fc0907d6ed3ff738	52f32fb3988a81267a46ce21fc0907d6ed3ff738
docs/evidence/FORGE_CARTERA_030CD_REMOTE_ACCEPTANCE_CLOSURE_001.md	COPY_ACCEPTED_BLOB	b83a37abe3eb8b3a48c2fe89940b562e1367bfcc	47df1bfc11fe3e26bf1f1a61c3c06a13f0fb5a86	47df1bfc11fe3e26bf1f1a61c3c06a13f0fb5a86
docs/evidence/FORGE_CARTERA_040ABCD_IMPLEMENTATION_PROGRESS_001.md	COPY_ACCEPTED_BLOB	b83a37abe3eb8b3a48c2fe89940b562e1367bfcc	ea3cb2d0cadee4f0ee1d7122c89a19ec791da5b1	ea3cb2d0cadee4f0ee1d7122c89a19ec791da5b1
docs/evidence/FORGE_CARTERA_040ABCD_REMOTE_ACCEPTANCE_CLOSURE_001.md	COPY_ACCEPTED_BLOB	b83a37abe3eb8b3a48c2fe89940b562e1367bfcc	fb625767feb45bae34656d02ed1e7e0fe748c82f	fb625767feb45bae34656d02ed1e7e0fe748c82f
docs/evidence/FORGE_CARTERA_050ABCD_IMPLEMENTATION_PROGRESS_001.md	COPY_ACCEPTED_BLOB	b83a37abe3eb8b3a48c2fe89940b562e1367bfcc	44100dd8ef748435925bcf56527a8125ac9b636d	44100dd8ef748435925bcf56527a8125ac9b636d
docs/evidence/FORGE_CARTERA_050ABCD_REMOTE_ACCEPTANCE_CLOSURE_001.md	COPY_ACCEPTED_BLOB	b83a37abe3eb8b3a48c2fe89940b562e1367bfcc	f032045bf912f75911cc119189432cc0daff8a7e	f032045bf912f75911cc119189432cc0daff8a7e
docs/evidence/FORGE_CARTERA_060ABCD_IMPLEMENTATION_PROGRESS_001.md	COPY_ACCEPTED_BLOB	b83a37abe3eb8b3a48c2fe89940b562e1367bfcc	44a1ca2f17fba66387e9d6a0d040bbfe96ca1403	44a1ca2f17fba66387e9d6a0d040bbfe96ca1403
docs/evidence/FORGE_CARTERA_060ABCD_REMOTE_ACCEPTANCE_CLOSURE_001.md	COPY_ACCEPTED_BLOB	b83a37abe3eb8b3a48c2fe89940b562e1367bfcc	2bd2f76c8c244870f25ac2a9ffbb191b3798bf5b	2bd2f76c8c244870f25ac2a9ffbb191b3798bf5b
docs/evidence/FORGE_CARTERA_070ABCD_IMPLEMENTATION_PROGRESS_001.md	COPY_ACCEPTED_BLOB	b83a37abe3eb8b3a48c2fe89940b562e1367bfcc	ce39d4788c4b3c33b3dd1f7e6e2effbbf4c842c4	ce39d4788c4b3c33b3dd1f7e6e2effbbf4c842c4
docs/evidence/FORGE_CARTERA_070ABCD_REMOTE_ACCEPTANCE_CLOSURE_001.md	COPY_ACCEPTED_BLOB	b83a37abe3eb8b3a48c2fe89940b562e1367bfcc	3c7045264c09ca30bb05f3688984548e1d34daa1	3c7045264c09ca30bb05f3688984548e1d34daa1
docs/evidence/FORGE_CARTERA_080ABCD_REMOTE_ACCEPTANCE_CLOSURE_001.md	COPY_ACCEPTED_BLOB	b83a37abe3eb8b3a48c2fe89940b562e1367bfcc	c1f1b08642d115bf5517c81216d99d029bb5af94	c1f1b08642d115bf5517c81216d99d029bb5af94
docs/evidence/FORGE_CARTERA_090ABCD_REMOTE_ACCEPTANCE_CLOSURE_001.md	COPY_ACCEPTED_BLOB	b83a37abe3eb8b3a48c2fe89940b562e1367bfcc	0c1e565242ac8964bca4820cd3586179479044f2	0c1e565242ac8964bca4820cd3586179479044f2
docs/evidence/FORGE_CARTERA_100ABCD_REMOTE_ACCEPTANCE_CLOSURE_001.md	COPY_ACCEPTED_BLOB	b83a37abe3eb8b3a48c2fe89940b562e1367bfcc	66d7f823c1b0678961f68c05cc779cf2e760bfe6	66d7f823c1b0678961f68c05cc779cf2e760bfe6
docs/evidence/FORGE_CARTERA_110ABCD_PROGRAM_COMPLETION_PROMOTION_CLOSURE_001.md	COPY_ACCEPTED_BLOB	b83a37abe3eb8b3a48c2fe89940b562e1367bfcc	e35c4e9d1a8b2c8ffd1fa19802367f9765a11448	e35c4e9d1a8b2c8ffd1fa19802367f9765a11448
docs/static-preview/quote-preview-live/forge-quote-lifecycle-browser-bridge-cartera001b.js	COPY_ACCEPTED_BLOB	b83a37abe3eb8b3a48c2fe89940b562e1367bfcc	0b3984a366d7c7989679716361473a65629a28ef	0b3984a366d7c7989679716361473a65629a28ef
platform/economic-connection/cartera-080-economic-connection-view.js	COPY_ACCEPTED_BLOB	b83a37abe3eb8b3a48c2fe89940b562e1367bfcc	26e85097d1ee9c2114ce067f0de4e10a0f26bd02	26e85097d1ee9c2114ce067f0de4e10a0f26bd02
platform/economic-connection/cartera-080-economic-connection.js	COPY_ACCEPTED_BLOB	b83a37abe3eb8b3a48c2fe89940b562e1367bfcc	ecd84e489caba7da96fd4e545c2a6ef55f4e2c4e	ecd84e489caba7da96fd4e545c2a6ef55f4e2c4e
platform/event-evidence/cartera-vertical-continuity-contract.js	COPY_ACCEPTED_BLOB	b83a37abe3eb8b3a48c2fe89940b562e1367bfcc	2fa05f0491fe1a67ffd52e33a9d8352c0b92a9c2	2fa05f0491fe1a67ffd52e33a9d8352c0b92a9c2
platform/event-evidence/policy-domain-event-contract.js	COPY_ACCEPTED_BLOB	b83a37abe3eb8b3a48c2fe89940b562e1367bfcc	58a2c753f5dcb8d00f22c1bcc6a76e79bf10f591	58a2c753f5dcb8d00f22c1bcc6a76e79bf10f591
platform/event-evidence/prospect-quote-detail-projection.js	COPY_ACCEPTED_BLOB	b83a37abe3eb8b3a48c2fe89940b562e1367bfcc	90f22f460d9f9da874e7db85c1b2041924e8291c	90f22f460d9f9da874e7db85c1b2041924e8291c
platform/event-evidence/quote-lifecycle-event-bridge.js	COPY_ACCEPTED_BLOB	b83a37abe3eb8b3a48c2fe89940b562e1367bfcc	1a577fa8e94551a25340f11912274eda32547ebb	1a577fa8e94551a25340f11912274eda32547ebb
platform/event-evidence/quote-lifecycle-event-contract.js	COPY_ACCEPTED_BLOB	b83a37abe3eb8b3a48c2fe89940b562e1367bfcc	2e8a292e1fe09a100ab45fd80a2398c44b115da8	2e8a292e1fe09a100ab45fd80a2398c44b115da8
platform/event-evidence/quote-lifecycle-supabase-service.js	COPY_ACCEPTED_BLOB	b83a37abe3eb8b3a48c2fe89940b562e1367bfcc	79cb2fe531db3b83bd4c3ce2e378fe74c7db863e	79cb2fe531db3b83bd4c3ce2e378fe74c7db863e
platform/experience-engine/cartera-070a-relational-activation-projection.js	COPY_ACCEPTED_BLOB	b83a37abe3eb8b3a48c2fe89940b562e1367bfcc	7440d93c7ad09e38718f0d0e49fe7dee9164bc6f	7440d93c7ad09e38718f0d0e49fe7dee9164bc6f
platform/experience-engine/cartera-070b-capacity-fit-policy.js	COPY_ACCEPTED_BLOB	b83a37abe3eb8b3a48c2fe89940b562e1367bfcc	b0d8d08cfee7a0ab4bc5ad5602a4990564b4e0e6	b0d8d08cfee7a0ab4bc5ad5602a4990564b4e0e6
platform/experience-engine/cartera-070c-action-review-boundary.js	COPY_ACCEPTED_BLOB	b83a37abe3eb8b3a48c2fe89940b562e1367bfcc	0140e4cc8077b6c23ad34f8145ae754c5e12ac8e	0140e4cc8077b6c23ad34f8145ae754c5e12ac8e
platform/experience-engine/cartera-070d-relational-activation-view.js	COPY_ACCEPTED_BLOB	b83a37abe3eb8b3a48c2fe89940b562e1367bfcc	80f7e6d5d2ee9c7a53430e483603c56580c73eee	80f7e6d5d2ee9c7a53430e483603c56580c73eee
platform/policy-intelligence/calendar/cartera-030b-policy-calendar-read-model.js	COPY_ACCEPTED_BLOB	b83a37abe3eb8b3a48c2fe89940b562e1367bfcc	807c7064d67f293de43150760ab52e64cbe76390	807c7064d67f293de43150760ab52e64cbe76390
platform/policy-intelligence/calendar/cartera-030d-policy-payment-calendar-view.js	COPY_ACCEPTED_BLOB	b83a37abe3eb8b3a48c2fe89940b562e1367bfcc	6e1d938490f38c0caf17af9ee588c6a77beb81d7	6e1d938490f38c0caf17af9ee588c6a77beb81d7
platform/policy-intelligence/cartera-010c-policy-detail-timeline.js	COPY_ACCEPTED_BLOB	b83a37abe3eb8b3a48c2fe89940b562e1367bfcc	f0ee909305a8d26a1f88883b7cd3026d9685c58f	f0ee909305a8d26a1f88883b7cd3026d9685c58f
platform/policy-intelligence/cartera-010c-portfolio-read-model.js	COPY_ACCEPTED_BLOB	b83a37abe3eb8b3a48c2fe89940b562e1367bfcc	3e56f267fadbc8cce5d70f3de0c4af18da0c06c6	3e56f267fadbc8cce5d70f3de0c4af18da0c06c6
platform/policy-intelligence/cartera-010d-unified-directory-read-model.js	COPY_ACCEPTED_BLOB	b83a37abe3eb8b3a48c2fe89940b562e1367bfcc	094948c5f8324b438385db07b07fc96a6e6b9b21	094948c5f8324b438385db07b07fc96a6e6b9b21
platform/policy-intelligence/intake/cartera-020b-evidence-admission-adapter.js	COPY_ACCEPTED_BLOB	b83a37abe3eb8b3a48c2fe89940b562e1367bfcc	709bf7c127eb682061450f2c3996affbb1d92b00	709bf7c127eb682061450f2c3996affbb1d92b00
platform/policy-intelligence/intake/cartera-020c-candidate-reconciliation.js	COPY_ACCEPTED_BLOB	b83a37abe3eb8b3a48c2fe89940b562e1367bfcc	293cbdb0aad11a6a20adfee9cc1071950efdc1dc	293cbdb0aad11a6a20adfee9cc1071950efdc1dc
platform/policy-intelligence/intake/cartera-020c-review-read-model.js	COPY_ACCEPTED_BLOB	b83a37abe3eb8b3a48c2fe89940b562e1367bfcc	855f1ffaf117050f21cc9c798014b576a92587db	855f1ffaf117050f21cc9c798014b576a92587db
platform/portfolio-intelligence/cartera-050a-future-radar-projection.js	COPY_ACCEPTED_BLOB	b83a37abe3eb8b3a48c2fe89940b562e1367bfcc	2330aa4c707a54a68d2547aeb944253e9a90ea36	2330aa4c707a54a68d2547aeb944253e9a90ea36
platform/portfolio-intelligence/cartera-050c-authority-adapters.js	COPY_ACCEPTED_BLOB	b83a37abe3eb8b3a48c2fe89940b562e1367bfcc	f246406712e0c3fe6bc4c2ddef7641de35c10e42	f246406712e0c3fe6bc4c2ddef7641de35c10e42
platform/portfolio-intelligence/cartera-050d-future-radar-view.js	COPY_ACCEPTED_BLOB	b83a37abe3eb8b3a48c2fe89940b562e1367bfcc	218c6b52779b2528812f698e4be86c68a0edbec7	218c6b52779b2528812f698e4be86c68a0edbec7
platform/productivity/cartera-100a-productivity-proof-contract.js	COPY_ACCEPTED_BLOB	b83a37abe3eb8b3a48c2fe89940b562e1367bfcc	129d00aa36ba6280fc5c698537b1698716cfada8	129d00aa36ba6280fc5c698537b1698716cfada8
platform/productivity/cartera-100b-outcome-learning-boundary.js	COPY_ACCEPTED_BLOB	b83a37abe3eb8b3a48c2fe89940b562e1367bfcc	41f683a379e194193d7ff68344309a5e867cff31	41f683a379e194193d7ff68344309a5e867cff31
platform/productivity/cartera-100d-productivity-proof-view.js	COPY_ACCEPTED_BLOB	b83a37abe3eb8b3a48c2fe89940b562e1367bfcc	41d823510c92444f20a71a0ab7bb845470c102ed	41d823510c92444f20a71a0ab7bb845470c102ed
platform/program-governance/cartera-110a-program-completion-manifest.js	COPY_ACCEPTED_BLOB	b83a37abe3eb8b3a48c2fe89940b562e1367bfcc	20a4702e03ac06a56b59a4eda64fa9ea80641f2f	20a4702e03ac06a56b59a4eda64fa9ea80641f2f
platform/program-governance/cartera-110b-promotion-readiness-policy.js	COPY_ACCEPTED_BLOB	b83a37abe3eb8b3a48c2fe89940b562e1367bfcc	12d0190445829a807e826a20704a647439b64e15	12d0190445829a807e826a20704a647439b64e15
platform/relationship-intelligence/cartera-040b-relationship-memory-projection.js	COPY_ACCEPTED_BLOB	b83a37abe3eb8b3a48c2fe89940b562e1367bfcc	47c1cd9b5d097bd7428fdac4c134c766b0268c37	47c1cd9b5d097bd7428fdac4c134c766b0268c37
platform/relationship-intelligence/cartera-040d-relationship-brief-view.js	COPY_ACCEPTED_BLOB	b83a37abe3eb8b3a48c2fe89940b562e1367bfcc	b138045c3a8885fadbc2b587008033aac70430d7	b138045c3a8885fadbc2b587008033aac70430d7
platform/relationship-intelligence/cartera-060a-growth-review-projection.js	COPY_ACCEPTED_BLOB	b83a37abe3eb8b3a48c2fe89940b562e1367bfcc	4a244bee6888497dc5ab916dcc2cdf7ecad6193d	4a244bee6888497dc5ab916dcc2cdf7ecad6193d
platform/relationship-intelligence/cartera-060b-growth-boundary.js	COPY_ACCEPTED_BLOB	b83a37abe3eb8b3a48c2fe89940b562e1367bfcc	6c98e4092225988708e8fb4595bea6d310609020	6c98e4092225988708e8fb4595bea6d310609020
platform/relationship-intelligence/cartera-060d-growth-review-view.js	COPY_ACCEPTED_BLOB	b83a37abe3eb8b3a48c2fe89940b562e1367bfcc	50352f4e46344b0958ffeed9b1fc0fb30e881da1	50352f4e46344b0958ffeed9b1fc0fb30e881da1
platform/relationship-intelligence/cartera-090a-relationship-capital-projection.js	COPY_ACCEPTED_BLOB	b83a37abe3eb8b3a48c2fe89940b562e1367bfcc	5422a8bd32751a30f6881e0a94f929ef7c5a8328	5422a8bd32751a30f6881e0a94f929ef7c5a8328
platform/relationship-intelligence/cartera-090b-relationship-capital-boundary.js	COPY_ACCEPTED_BLOB	b83a37abe3eb8b3a48c2fe89940b562e1367bfcc	8aaf9a08ded6b008b03a8fdb26954721f34555f5	8aaf9a08ded6b008b03a8fdb26954721f34555f5
platform/relationship-intelligence/cartera-090d-relationship-capital-view.js	COPY_ACCEPTED_BLOB	b83a37abe3eb8b3a48c2fe89940b562e1367bfcc	a50da89ba1d98313b8b2a2a74c83984e34ce5ec7	a50da89ba1d98313b8b2a2a74c83984e34ce5ec7
platform/shared-commercial-model/cartera-010b-contract-validator.js	COPY_ACCEPTED_BLOB	b83a37abe3eb8b3a48c2fe89940b562e1367bfcc	fd7a8f98612268d8cf3aeeb9105aee65182a355b	fd7a8f98612268d8cf3aeeb9105aee65182a355b
policy-operations/calendar/cartera-030b-recurrence-engine.js	COPY_ACCEPTED_BLOB	b83a37abe3eb8b3a48c2fe89940b562e1367bfcc	ef635855ff0c704960a4fded05cb270dec4bc321	ef635855ff0c704960a4fded05cb270dec4bc321
policy-operations/intake/cartera-020b-deterministic-worker.js	COPY_ACCEPTED_BLOB	b83a37abe3eb8b3a48c2fe89940b562e1367bfcc	4f730646585265f1eebeef1f7ea52184e05530eb	4f730646585265f1eebeef1f7ea52184e05530eb
policy-operations/intake/cartera-020b-document-classifier.js	COPY_ACCEPTED_BLOB	b83a37abe3eb8b3a48c2fe89940b562e1367bfcc	3f9a2c2d4b4ef009b056fca9d8fbe2c799d5af79	3f9a2c2d4b4ef009b056fca9d8fbe2c799d5af79
policy-operations/intake/cartera-020b-intake-contracts.js	COPY_ACCEPTED_BLOB	b83a37abe3eb8b3a48c2fe89940b562e1367bfcc	135d01db65d653e341113756914cafef5de0bed4	135d01db65d653e341113756914cafef5de0bed4
policy-operations/intake/cartera-020b-parser-registry.js	COPY_ACCEPTED_BLOB	b83a37abe3eb8b3a48c2fe89940b562e1367bfcc	4e5feac2a27b0549d8b197e8463951e34e34f846	4e5feac2a27b0549d8b197e8463951e34e34f846
policy-operations/intake/cartera-020b-pdftotext-adapter.js	COPY_ACCEPTED_BLOB	b83a37abe3eb8b3a48c2fe89940b562e1367bfcc	7cbaa6b7e882875604639bf0ca1a6a4a76e1fedc	7cbaa6b7e882875604639bf0ca1a6a4a76e1fedc
policy-operations/intake/cartera-020b-policy-packet-adapter.js	COPY_ACCEPTED_BLOB	b83a37abe3eb8b3a48c2fe89940b562e1367bfcc	adcc95ce2724a57c4fd9a417e86e4cbf928cc3b4	adcc95ce2724a57c4fd9a417e86e4cbf928cc3b4
policy-operations/intake/cartera-020c-confirmation-review-contracts.js	COPY_ACCEPTED_BLOB	b83a37abe3eb8b3a48c2fe89940b562e1367bfcc	b7595006a495c8efa2ea79cd04b6bf475d5e21d8	b7595006a495c8efa2ea79cd04b6bf475d5e21d8
policy-operations/intake/cartera-020c-governed-command-composer.js	COPY_ACCEPTED_BLOB	b83a37abe3eb8b3a48c2fe89940b562e1367bfcc	b1b02770d471992519aaab8154691327d5757561	b1b02770d471992519aaab8154691327d5757561
policy-operations/payments/cartera-030b-payment-obligation-reconciliation.js	COPY_ACCEPTED_BLOB	b83a37abe3eb8b3a48c2fe89940b562e1367bfcc	7dc64d3a9fd9e06eed3103d5cf068785a4c4ba75	7dc64d3a9fd9e06eed3103d5cf068785a4c4ba75
schemas/cartera-020b-extraction-envelope-v1.schema.json	COPY_ACCEPTED_BLOB	b83a37abe3eb8b3a48c2fe89940b562e1367bfcc	75480f4bbe2ccbd495ebf3cf80447a4d5e34c077	75480f4bbe2ccbd495ebf3cf80447a4d5e34c077
schemas/cartera-020b-policy-field-candidate-v1.schema.json	COPY_ACCEPTED_BLOB	b83a37abe3eb8b3a48c2fe89940b562e1367bfcc	ed466b0f80619d41ff732c77d9ae050b42d6bfbe	ed466b0f80619d41ff732c77d9ae050b42d6bfbe
schemas/commercial-account-v1.schema.json	COPY_ACCEPTED_BLOB	b83a37abe3eb8b3a48c2fe89940b562e1367bfcc	5bd95235fa6e99a858256a83671ca101c2d3df05	5bd95235fa6e99a858256a83671ca101c2d3df05
schemas/commercial-person-v1.schema.json	COPY_ACCEPTED_BLOB	b83a37abe3eb8b3a48c2fe89940b562e1367bfcc	8648ab15ac489cb0cb285efa0ea074b32e195e45	8648ab15ac489cb0cb285efa0ea074b32e195e45
schemas/policy-role-v1.schema.json	COPY_ACCEPTED_BLOB	b83a37abe3eb8b3a48c2fe89940b562e1367bfcc	bfeeb9d27f998f794b2aa15e56ef2915cddcfcce	bfeeb9d27f998f794b2aa15e56ef2915cddcfcce
schemas/policy-v2.schema.json	COPY_ACCEPTED_BLOB	b83a37abe3eb8b3a48c2fe89940b562e1367bfcc	e22fbd26240d731baa0de6954dbf82e6e57d9039	e22fbd26240d731baa0de6954dbf82e6e57d9039
supabase/migrations/20260730000100_cartera001b_quote_lifecycle_event_bridge.sql	COPY_ACCEPTED_BLOB	b83a37abe3eb8b3a48c2fe89940b562e1367bfcc	5f07c80e15f4e87bbba75d8a2cf24e1dc2e33db0	5f07c80e15f4e87bbba75d8a2cf24e1dc2e33db0
supabase/migrations/20260730000110_cartera001b_idempotency_conflict_hardening.sql	COPY_ACCEPTED_BLOB	b83a37abe3eb8b3a48c2fe89940b562e1367bfcc	24f5ab032611d759bea04a7888ca5efc870816f5	24f5ab032611d759bea04a7888ca5efc870816f5
supabase/migrations/20260730000120_cartera001b_quote_authority_projection_hardening.sql	COPY_ACCEPTED_BLOB	b83a37abe3eb8b3a48c2fe89940b562e1367bfcc	d4a05c34f154314191eae31983a0454815bf38c7	d4a05c34f154314191eae31983a0454815bf38c7
supabase/migrations/20260730000130_cartera001b_pgcrypto_search_path_hardening.sql	COPY_ACCEPTED_BLOB	b83a37abe3eb8b3a48c2fe89940b562e1367bfcc	a816bbf54201b8b9f6bc3e3e79c856cc730d9b33	a816bbf54201b8b9f6bc3e3e79c856cc730d9b33
supabase/migrations/20260731000200_cartera010b_identity_policy_foundation.sql	COPY_ACCEPTED_BLOB	b83a37abe3eb8b3a48c2fe89940b562e1367bfcc	dd04ed9dbb56f7cc5b4c48e0e91a9a6cbd95bb4d	dd04ed9dbb56f7cc5b4c48e0e91a9a6cbd95bb4d
supabase/migrations/20260731000210_cartera010b_command_helpers.sql	COPY_ACCEPTED_BLOB	b83a37abe3eb8b3a48c2fe89940b562e1367bfcc	046567477b4db2fc9c96fe94b1e6f3af02f27407	046567477b4db2fc9c96fe94b1e6f3af02f27407
supabase/migrations/20260731000211_cartera010b_identity_resolution_rpc.sql	COPY_ACCEPTED_BLOB	b83a37abe3eb8b3a48c2fe89940b562e1367bfcc	4320fb8e55cc8922575b00a89efd4a3e799c7c0e	4320fb8e55cc8922575b00a89efd4a3e799c7c0e
supabase/migrations/20260731000212_cartera010b_confirmed_policy_rpc.sql	COPY_ACCEPTED_BLOB	b83a37abe3eb8b3a48c2fe89940b562e1367bfcc	f8ab8c44f145ea4975fb8983a3452f05d6d17599	f8ab8c44f145ea4975fb8983a3452f05d6d17599
supabase/migrations/20260731000213_cartera010b_identity_resolution_precedence_hardening.sql	COPY_ACCEPTED_BLOB	b83a37abe3eb8b3a48c2fe89940b562e1367bfcc	fa58810b9a1506458439c2abd2c827e0f3cf4a62	fa58810b9a1506458439c2abd2c827e0f3cf4a62
supabase/migrations/20260731000214_cartera010b_conflict_insert_ambiguity_hardening.sql	COPY_ACCEPTED_BLOB	b83a37abe3eb8b3a48c2fe89940b562e1367bfcc	641b42edd38a6a7cb2e5832d7f3a0bff87210ba8	641b42edd38a6a7cb2e5832d7f3a0bff87210ba8
supabase/migrations/20260731000215_cartera010b_general_policy_role_read_authority.sql	COPY_ACCEPTED_BLOB	b83a37abe3eb8b3a48c2fe89940b562e1367bfcc	5400b2b6186d54b621d9c951a4ec14321a600070	5400b2b6186d54b621d9c951a4ec14321a600070
supabase/migrations/20260731000220_cartera020b_evidence_tables.sql	COPY_ACCEPTED_BLOB	b83a37abe3eb8b3a48c2fe89940b562e1367bfcc	4727eb91746593e657890edd58100c7e75a2028a	4727eb91746593e657890edd58100c7e75a2028a
supabase/migrations/20260731000221_cartera020b_worker_guards.sql	COPY_ACCEPTED_BLOB	b83a37abe3eb8b3a48c2fe89940b562e1367bfcc	b72e40bfc64cf3c3bd8318a185bea536ee99205f	b72e40bfc64cf3c3bd8318a185bea536ee99205f
supabase/migrations/20260731000222_cartera020b_rls_and_grants.sql	COPY_ACCEPTED_BLOB	b83a37abe3eb8b3a48c2fe89940b562e1367bfcc	24a222fd1ccbbc13a8d55ad8ee08ad9d9bfc3ec9	24a222fd1ccbbc13a8d55ad8ee08ad9d9bfc3ec9
supabase/migrations/20260731000223_cartera020b_command_helpers.sql	COPY_ACCEPTED_BLOB	b83a37abe3eb8b3a48c2fe89940b562e1367bfcc	cd36a369eec490bd2ca382486ec8dcd7bdf8b3ea	cd36a369eec490bd2ca382486ec8dcd7bdf8b3ea
supabase/migrations/20260731000224_cartera020b_admission_and_claim_rpcs.sql	COPY_ACCEPTED_BLOB	b83a37abe3eb8b3a48c2fe89940b562e1367bfcc	fae164013a3944817d42ac040e0b1720d172a81c	fae164013a3944817d42ac040e0b1720d172a81c
supabase/migrations/20260731000225_cartera020b_processing_result_rpc.sql	COPY_ACCEPTED_BLOB	b83a37abe3eb8b3a48c2fe89940b562e1367bfcc	545b7cae5be330238930a27b995301ad8b4cb57c	545b7cae5be330238930a27b995301ad8b4cb57c
supabase/migrations/20260731000226_cartera020b_claim_concurrency_hardening.sql	COPY_ACCEPTED_BLOB	b83a37abe3eb8b3a48c2fe89940b562e1367bfcc	a65ff0e87155a250db04f8444ea6226a1c36747d	a65ff0e87155a250db04f8444ea6226a1c36747d
supabase/migrations/20260731000227_cartera020b_packet_replay_hardening.sql	COPY_ACCEPTED_BLOB	b83a37abe3eb8b3a48c2fe89940b562e1367bfcc	5cd004c477f349c12419cb7324ec28519852d581	5cd004c477f349c12419cb7324ec28519852d581
supabase/migrations/20260731000228_cartera020b_conflict_insert_ambiguity_hardening.sql	COPY_ACCEPTED_BLOB	b83a37abe3eb8b3a48c2fe89940b562e1367bfcc	06bad264f244ecfd20894c2a5dcb23024c5b5ad5	06bad264f244ecfd20894c2a5dcb23024c5b5ad5
supabase/migrations/20260731000229_cartera020b_json_null_payload_hardening.sql	COPY_ACCEPTED_BLOB	b83a37abe3eb8b3a48c2fe89940b562e1367bfcc	a3777adb6ab680d06781d92a5f7606f4074fc2fe	a3777adb6ab680d06781d92a5f7606f4074fc2fe
supabase/migrations/20260731000230_cartera020c_confirmation_orchestration_tables.sql	COPY_ACCEPTED_BLOB	b83a37abe3eb8b3a48c2fe89940b562e1367bfcc	84211e73077db60d300c9dec9cc25988ee75b88e	84211e73077db60d300c9dec9cc25988ee75b88e
supabase/migrations/20260731000231_cartera020c_confirmation_orchestration_guards_rls.sql	COPY_ACCEPTED_BLOB	b83a37abe3eb8b3a48c2fe89940b562e1367bfcc	d12ece160f12479a79e1a34a55b5a0a718aedd25	d12ece160f12479a79e1a34a55b5a0a718aedd25
supabase/migrations/20260731000232_cartera020c_confirmation_orchestration_helpers.sql	COPY_ACCEPTED_BLOB	b83a37abe3eb8b3a48c2fe89940b562e1367bfcc	d13621632fc73510e8d0d32ab27a85ff51f54b71	d13621632fc73510e8d0d32ab27a85ff51f54b71
supabase/migrations/20260731000233_cartera020c_prepare_identity_orchestration_rpc.sql	COPY_ACCEPTED_BLOB	b83a37abe3eb8b3a48c2fe89940b562e1367bfcc	f5ff803d8932b972c8f256492517f72c3ce55828	f5ff803d8932b972c8f256492517f72c3ce55828
supabase/migrations/20260731000234_cartera020c_attach_policy_confirmation_rpc.sql	COPY_ACCEPTED_BLOB	b83a37abe3eb8b3a48c2fe89940b562e1367bfcc	b4378027b9c671bed76d36db51598281db3fb073	b4378027b9c671bed76d36db51598281db3fb073
supabase/migrations/20260731000235_cartera020c_confirmation_failure_retry_helpers.sql	COPY_ACCEPTED_BLOB	b83a37abe3eb8b3a48c2fe89940b562e1367bfcc	076ecfc5ccea0ac162e89fa3c8e938843cb1b5e1	076ecfc5ccea0ac162e89fa3c8e938843cb1b5e1
supabase/migrations/20260731000236_cartera020c_execute_confirmation_step_rpc.sql	COPY_ACCEPTED_BLOB	b83a37abe3eb8b3a48c2fe89940b562e1367bfcc	f0443084d0f15275fe1e0da327ec7d9a4181d4bd	f0443084d0f15275fe1e0da327ec7d9a4181d4bd
supabase/migrations/20260731000237_cartera020c_confirmation_status_retry_grants.sql	COPY_ACCEPTED_BLOB	b83a37abe3eb8b3a48c2fe89940b562e1367bfcc	77318eec929e0badae7bfe069b7d484f77d7f89f	77318eec929e0badae7bfe069b7d484f77d7f89f
supabase/migrations/20260731000238_cartera020c_authorization_digest_hardening.sql	COPY_ACCEPTED_BLOB	b83a37abe3eb8b3a48c2fe89940b562e1367bfcc	6a0d04af962feb916f7cebe4139bd6bc38a7c149	6a0d04af962feb916f7cebe4139bd6bc38a7c149
supabase/migrations/20260731000239_cartera020c_conflict_insert_ambiguity_hardening.sql	COPY_ACCEPTED_BLOB	b83a37abe3eb8b3a48c2fe89940b562e1367bfcc	109db23039db6b50df42a251b57d85008138316a	109db23039db6b50df42a251b57d85008138316a
supabase/migrations/20260731000240_cartera020c_conflict_constraint_name_hardening.sql	COPY_ACCEPTED_BLOB	b83a37abe3eb8b3a48c2fe89940b562e1367bfcc	f7d54f835600f71f91afdb4097e452b6ec630e20	f7d54f835600f71f91afdb4097e452b6ec630e20
supabase/migrations/20260731000241_cartera020c_conflict_persistence_receipt_hardening.sql	COPY_ACCEPTED_BLOB	b83a37abe3eb8b3a48c2fe89940b562e1367bfcc	f8e35dd7b685061410c1f2a2bdff108eff748a2e	f8e35dd7b685061410c1f2a2bdff108eff748a2e
supabase/migrations/20260731000250_cartera030b_expected_payment_obligation_ledger.sql	COPY_ACCEPTED_BLOB	b83a37abe3eb8b3a48c2fe89940b562e1367bfcc	7bd7d07de9153b52fa410cd7ea0f8184d83e3f70	7bd7d07de9153b52fa410cd7ea0f8184d83e3f70
supabase/migrations/20260731000251_cartera030b_generation_and_calendar_rpc.sql	COPY_ACCEPTED_BLOB	b83a37abe3eb8b3a48c2fe89940b562e1367bfcc	871ea73335c88c5785f4c8604c85b536fc3653c5	871ea73335c88c5785f4c8604c85b536fc3653c5
supabase/migrations/20260731000252_cartera030b_durable_generation_conflict_receipts.sql	COPY_ACCEPTED_BLOB	b83a37abe3eb8b3a48c2fe89940b562e1367bfcc	1dd09dd7d019de27bee4d2cc666b5e0b44459e2f	1dd09dd7d019de27bee4d2cc666b5e0b44459e2f
supabase/migrations/20260801000260_cartera030c_confirmed_payment_event_reconciliation.sql	COPY_ACCEPTED_BLOB	b83a37abe3eb8b3a48c2fe89940b562e1367bfcc	f4257370a6718b66dd4d488c80660a22217c9f81	f4257370a6718b66dd4d488c80660a22217c9f81
supabase/migrations/20260801000261_cartera030d_policy_payment_calendar_product_read.sql	COPY_ACCEPTED_BLOB	b83a37abe3eb8b3a48c2fe89940b562e1367bfcc	dd74d00a71eb63cc5decc609553becf3f2a9cfc7	dd74d00a71eb63cc5decc609553becf3f2a9cfc7
supabase/migrations/20260801000270_cartera040_relationship_memory_authority.sql	COPY_ACCEPTED_BLOB	b83a37abe3eb8b3a48c2fe89940b562e1367bfcc	1a27f4741c888467158d5f549baabffbf01a7b8e	1a27f4741c888467158d5f549baabffbf01a7b8e
supabase/migrations/20260801000271_cartera040_relationship_brief_read.sql	COPY_ACCEPTED_BLOB	b83a37abe3eb8b3a48c2fe89940b562e1367bfcc	ef5183aef40d8872b063593a7bbb0a9cf8819879	ef5183aef40d8872b063593a7bbb0a9cf8819879
supabase/migrations/20260801000280_cartera050_future_radar_helpers.sql	COPY_ACCEPTED_BLOB	b83a37abe3eb8b3a48c2fe89940b562e1367bfcc	0f9caa180c9558f3960191462648427e2a9b8b00	0f9caa180c9558f3960191462648427e2a9b8b00
supabase/migrations/20260801000281_cartera050_future_radar_read.sql	COPY_ACCEPTED_BLOB	b83a37abe3eb8b3a48c2fe89940b562e1367bfcc	6d633bf7d6e5151831ad9ded80cc88678de0640f	6d633bf7d6e5151831ad9ded80cc88678de0640f
supabase/migrations/20260801000290_cartera060_relationship_growth_helpers.sql	COPY_ACCEPTED_BLOB	b83a37abe3eb8b3a48c2fe89940b562e1367bfcc	3daba023fcc3bd218bab5653420a4aebe8fd4c05	3daba023fcc3bd218bab5653420a4aebe8fd4c05
supabase/migrations/20260801000291_cartera060_relationship_growth_read.sql	COPY_ACCEPTED_BLOB	b83a37abe3eb8b3a48c2fe89940b562e1367bfcc	897567fc73e1c4a0c515853079586a62b429bd52	897567fc73e1c4a0c515853079586a62b429bd52
supabase/migrations/20260801000300_cartera070_relational_activation_helpers.sql	COPY_ACCEPTED_BLOB	b83a37abe3eb8b3a48c2fe89940b562e1367bfcc	345b7984b973d0dab9475519aae3d0250fe894b8	345b7984b973d0dab9475519aae3d0250fe894b8
supabase/migrations/20260801000301_cartera070_relational_activation_read.sql	COPY_ACCEPTED_BLOB	b83a37abe3eb8b3a48c2fe89940b562e1367bfcc	9da10b82183aa7d9a6f6d3a5066217d5503da722	9da10b82183aa7d9a6f6d3a5066217d5503da722
supabase/migrations/20260801000320_cartera100_productivity_observation_authority.sql	COPY_ACCEPTED_BLOB	b83a37abe3eb8b3a48c2fe89940b562e1367bfcc	151c4cdb8eebb105ced7c224905ab556b31d948a	151c4cdb8eebb105ced7c224905ab556b31d948a
supabase/migrations/20260801000321_cartera100_productivity_proof_read.sql	COPY_ACCEPTED_BLOB	b83a37abe3eb8b3a48c2fe89940b562e1367bfcc	5f35a9d90c599b81f934adc9b230f06e152b1516	5f35a9d90c599b81f934adc9b230f06e152b1516
tests/cartera-001b-archforge-wrapper-test.mjs	COPY_ACCEPTED_BLOB	b83a37abe3eb8b3a48c2fe89940b562e1367bfcc	adc9867606c36dd2580e3e4052241ec0bacf6c45	adc9867606c36dd2580e3e4052241ec0bacf6c45
tests/cartera-001b-github-actions-remote-acceptance-test.mjs	COPY_ACCEPTED_BLOB	b83a37abe3eb8b3a48c2fe89940b562e1367bfcc	f806591181f55221bb53a931f52c95cf9465fd0d	f806591181f55221bb53a931f52c95cf9465fd0d
tests/cartera-001b-idempotency-conflict-hardening-test.mjs	COPY_ACCEPTED_BLOB	b83a37abe3eb8b3a48c2fe89940b562e1367bfcc	ca425a237f7e4ce1fa7bd551e952aefc5daaea7a	ca425a237f7e4ce1fa7bd551e952aefc5daaea7a
tests/cartera-001b-material3-quote-bridge-binding-test.mjs	COPY_ACCEPTED_BLOB	b83a37abe3eb8b3a48c2fe89940b562e1367bfcc	90c729ca357d71e06923a36aa1e1d9d7b4f4d18f	90c729ca357d71e06923a36aa1e1d9d7b4f4d18f
tests/cartera-001b-pgcrypto-hardening-test.mjs	COPY_ACCEPTED_BLOB	b83a37abe3eb8b3a48c2fe89940b562e1367bfcc	42f78782d7779bdc713c111b4f6edea1a3fc8f6d	42f78782d7779bdc713c111b4f6edea1a3fc8f6d
tests/cartera-001b-quote-authority-projection-hardening-test.mjs	COPY_ACCEPTED_BLOB	b83a37abe3eb8b3a48c2fe89940b562e1367bfcc	4c869c5c4a61d88e4b5133d4a5149f077d23b91d	4c869c5c4a61d88e4b5133d4a5149f077d23b91d
tests/cartera-001b-quote-lifecycle-browser-bridge-test.mjs	COPY_ACCEPTED_BLOB	b83a37abe3eb8b3a48c2fe89940b562e1367bfcc	9b1ff0db63e09d15ad57619ec8368df67818edbb	9b1ff0db63e09d15ad57619ec8368df67818edbb
tests/cartera-001b-quote-lifecycle-event-bridge-test.mjs	COPY_ACCEPTED_BLOB	b83a37abe3eb8b3a48c2fe89940b562e1367bfcc	c9a50b77471635cf3f94e85207d82ab67a8c00b2	c9a50b77471635cf3f94e85207d82ab67a8c00b2
tests/cartera-001b-quote-lifecycle-event-contract-test.mjs	COPY_ACCEPTED_BLOB	b83a37abe3eb8b3a48c2fe89940b562e1367bfcc	0a6e5a1144232bd50b6b608dc436918984ca6371	0a6e5a1144232bd50b6b608dc436918984ca6371
tests/cartera-001b-quote-lifecycle-migration-security-test.mjs	COPY_ACCEPTED_BLOB	b83a37abe3eb8b3a48c2fe89940b562e1367bfcc	0b4e1ec176970a2eb08c2dcb9e0d9644bc67b075	0b4e1ec176970a2eb08c2dcb9e0d9644bc67b075
tests/cartera-001b-quote-lifecycle-supabase-service-test.mjs	COPY_ACCEPTED_BLOB	b83a37abe3eb8b3a48c2fe89940b562e1367bfcc	b3b010d559abf089d18c74e3fa13c1d80fce8adf	b3b010d559abf089d18c74e3fa13c1d80fce8adf
tests/cartera-001b-remote-acceptance-harness-test.mjs	COPY_ACCEPTED_BLOB	b83a37abe3eb8b3a48c2fe89940b562e1367bfcc	474a9b65a547be57791360aae49d6332c4a0d755	474a9b65a547be57791360aae49d6332c4a0d755
tests/cartera-001b-remote-acceptance-runner-test.mjs	COPY_ACCEPTED_BLOB	b83a37abe3eb8b3a48c2fe89940b562e1367bfcc	df8f4480a8e34e6dae617829a6744fb0bcb2c864	df8f4480a8e34e6dae617829a6744fb0bcb2c864
tests/cartera-001b-remote-migration-recovery-test.mjs	COPY_ACCEPTED_BLOB	b83a37abe3eb8b3a48c2fe89940b562e1367bfcc	05ff8c81971724c05f8baf0363837ee39ffb6518	05ff8c81971724c05f8baf0363837ee39ffb6518
tests/cartera-001c-prospect-detail-ui-test.mjs	COPY_ACCEPTED_BLOB	b83a37abe3eb8b3a48c2fe89940b562e1367bfcc	6d3722b11eb313c3b2c48d427ada8fdcc92d897d	6d3722b11eb313c3b2c48d427ada8fdcc92d897d
tests/cartera-001c-prospect-quote-detail-projection-test.mjs	COPY_ACCEPTED_BLOB	b83a37abe3eb8b3a48c2fe89940b562e1367bfcc	06a308a010ce509b4bda71b376856d9d396e15bb	06a308a010ce509b4bda71b376856d9d396e15bb
tests/cartera-001d-acceptance-harness-test.mjs	COPY_ACCEPTED_BLOB	b83a37abe3eb8b3a48c2fe89940b562e1367bfcc	d217ed145da4e5e989aab9007caba67aa643cb52	d217ed145da4e5e989aab9007caba67aa643cb52
tests/cartera-001d-vertical-continuity-contract-test.mjs	COPY_ACCEPTED_BLOB	b83a37abe3eb8b3a48c2fe89940b562e1367bfcc	4f982c93ed0868a16aa77b4b76ced72de7040e41	4f982c93ed0868a16aa77b4b76ced72de7040e41
tests/cartera-010a-identity-policy-persistence-scope-test.mjs	COPY_ACCEPTED_BLOB	b83a37abe3eb8b3a48c2fe89940b562e1367bfcc	e715bb2ee2387e96af2c2656951b7dfbfba16171	e715bb2ee2387e96af2c2656951b7dfbfba16171
tests/cartera-010b-conflict-ambiguity-hardening-test.mjs	COPY_ACCEPTED_BLOB	b83a37abe3eb8b3a48c2fe89940b562e1367bfcc	41d3d131b9d1f1f61196f2e8fb3f96e8ce408ff8	41d3d131b9d1f1f61196f2e8fb3f96e8ce408ff8
tests/cartera-010b-contract-foundation-test.mjs	COPY_ACCEPTED_BLOB	b83a37abe3eb8b3a48c2fe89940b562e1367bfcc	2230a4d74ee7e56287437ff310e8930e39b78764	2230a4d74ee7e56287437ff310e8930e39b78764
tests/cartera-010b-general-role-read-authority-test.mjs	COPY_ACCEPTED_BLOB	b83a37abe3eb8b3a48c2fe89940b562e1367bfcc	562d6e08e7ca6f22b81643f9f11ed9a74433c2af	562d6e08e7ca6f22b81643f9f11ed9a74433c2af
tests/cartera-010b-governed-command-rpc-test.mjs	COPY_ACCEPTED_BLOB	b83a37abe3eb8b3a48c2fe89940b562e1367bfcc	18ba02495239952fd4e2f6f43cffe89b22821eff	18ba02495239952fd4e2f6f43cffe89b22821eff
tests/cartera-010b-precedence-hardening-test.mjs	COPY_ACCEPTED_BLOB	b83a37abe3eb8b3a48c2fe89940b562e1367bfcc	fd3e69f0a6de0cbf288c7d00b4ec07820a9d08e7	fd3e69f0a6de0cbf288c7d00b4ec07820a9d08e7
tests/cartera-010b-remote-acceptance-harness-test.mjs	COPY_ACCEPTED_BLOB	b83a37abe3eb8b3a48c2fe89940b562e1367bfcc	e27765368cb68344f253098240f060492478f9fc	e27765368cb68344f253098240f060492478f9fc
tests/cartera-010c-canonical-read-model-route-adapter-test.mjs	COPY_ACCEPTED_BLOB	b83a37abe3eb8b3a48c2fe89940b562e1367bfcc	7891a904983c486645e53079130cc2a2882d4971	7891a904983c486645e53079130cc2a2882d4971
tests/cartera-010c-policy-detail-timeline-projection-test.mjs	COPY_ACCEPTED_BLOB	b83a37abe3eb8b3a48c2fe89940b562e1367bfcc	be6b4d095fd9da90287e293dd924a5687c1629f9	be6b4d095fd9da90287e293dd924a5687c1629f9
tests/cartera-010c-policy-timeline-person-account-projection-scope-test.mjs	COPY_ACCEPTED_BLOB	b83a37abe3eb8b3a48c2fe89940b562e1367bfcc	2d1aef16b2ca190c673322c1f47f7e2d26269b32	2d1aef16b2ca190c673322c1f47f7e2d26269b32
tests/cartera-010c-remote-read-browser-acceptance-harness-test.mjs	COPY_ACCEPTED_BLOB	b83a37abe3eb8b3a48c2fe89940b562e1367bfcc	508c9d9c427657fa271425b63ecf8a864bf44266	508c9d9c427657fa271425b63ecf8a864bf44266
tests/cartera-010d-product-route-directory-adapter-test.mjs	COPY_ACCEPTED_BLOB	b83a37abe3eb8b3a48c2fe89940b562e1367bfcc	413b8c2f6a984ccda8b2f3320cfc0c58c19c5961	413b8c2f6a984ccda8b2f3320cfc0c58c19c5961
tests/cartera-010d-remote-directory-browser-acceptance-harness-test.mjs	COPY_ACCEPTED_BLOB	b83a37abe3eb8b3a48c2fe89940b562e1367bfcc	e22ad7d9522443d3791a1c6ed5adacca7de8655f	e22ad7d9522443d3791a1c6ed5adacca7de8655f
tests/cartera-010d-restricted-entity-privacy-test.mjs	COPY_ACCEPTED_BLOB	b83a37abe3eb8b3a48c2fe89940b562e1367bfcc	0eec89292cf7dc662734fbfeb8291b3056b0b608	0eec89292cf7dc662734fbfeb8291b3056b0b608
tests/cartera-010d-unified-directory-read-model-service-test.mjs	COPY_ACCEPTED_BLOB	b83a37abe3eb8b3a48c2fe89940b562e1367bfcc	cab09b5dced0191c2c3801e457028fbf6bb26602	cab09b5dced0191c2c3801e457028fbf6bb26602
tests/cartera-010d-unified-directory-scope-test.mjs	COPY_ACCEPTED_BLOB	b83a37abe3eb8b3a48c2fe89940b562e1367bfcc	3970ec97c5722d878e53fa4be232abc368ef8804	3970ec97c5722d878e53fa4be232abc368ef8804
tests/cartera-020a-policy-intake-adapter-scope-test.mjs	COPY_ACCEPTED_BLOB	b83a37abe3eb8b3a48c2fe89940b562e1367bfcc	0b589d5f4dbf6e29e45b07d0d2a1220e92776cc9	0b589d5f4dbf6e29e45b07d0d2a1220e92776cc9
tests/cartera-020b-acceptance-column-qualification-test.mjs	COPY_ACCEPTED_BLOB	b83a37abe3eb8b3a48c2fe89940b562e1367bfcc	a367971f61ef3865699ee427e02e427433472b29	a367971f61ef3865699ee427e02e427433472b29
tests/cartera-020b-adapters-test.mjs	COPY_ACCEPTED_BLOB	b83a37abe3eb8b3a48c2fe89940b562e1367bfcc	b5d7eea9c9f5b33e9b25e439225351b61e97b31d	b5d7eea9c9f5b33e9b25e439225351b61e97b31d
tests/cartera-020b-admission-worker-test.mjs	COPY_ACCEPTED_BLOB	b83a37abe3eb8b3a48c2fe89940b562e1367bfcc	f344956b688fa69997ec3460f678705ad9adea7b	f344956b688fa69997ec3460f678705ad9adea7b
tests/cartera-020b-attempt-contract-diagnostic-test.mjs	COPY_ACCEPTED_BLOB	b83a37abe3eb8b3a48c2fe89940b562e1367bfcc	d6fcc8976d1e8ea2fb4833dbf4535f91e6d33f46	d6fcc8976d1e8ea2fb4833dbf4535f91e6d33f46
tests/cartera-020b-conflict-ambiguity-hardening-test.mjs	COPY_ACCEPTED_BLOB	b83a37abe3eb8b3a48c2fe89940b562e1367bfcc	5dff237b0749fe16a76937c15814540ecb8ca277	5dff237b0749fe16a76937c15814540ecb8ca277
tests/cartera-020b-contract-foundation-test.mjs	COPY_ACCEPTED_BLOB	b83a37abe3eb8b3a48c2fe89940b562e1367bfcc	b0dba0077ccb5439794de84f032677586a713985	b0dba0077ccb5439794de84f032677586a713985
tests/cartera-020b-final-inbox-state-diagnostic-test.mjs	COPY_ACCEPTED_BLOB	b83a37abe3eb8b3a48c2fe89940b562e1367bfcc	fcbe1f9eb1ad1537de65c6e124639585263eec09	fcbe1f9eb1ad1537de65c6e124639585263eec09
tests/cartera-020b-governed-persistence-commands-test.mjs	COPY_ACCEPTED_BLOB	b83a37abe3eb8b3a48c2fe89940b562e1367bfcc	d46f27e7a4f1cf6f134d618bb38cfcdce699faa4	d46f27e7a4f1cf6f134d618bb38cfcdce699faa4
tests/cartera-020b-json-null-hardening-test.mjs	COPY_ACCEPTED_BLOB	b83a37abe3eb8b3a48c2fe89940b562e1367bfcc	b193728be8985c7ad62ac2d0f1e66e353d13927f	b193728be8985c7ad62ac2d0f1e66e353d13927f
tests/cartera-020b-migration-history-reconciliation-test.mjs	COPY_ACCEPTED_BLOB	b83a37abe3eb8b3a48c2fe89940b562e1367bfcc	66af7b668bdd9fbc417ac000e770d01c388db50f	66af7b668bdd9fbc417ac000e770d01c388db50f
tests/cartera-020b-packet-replay-hardening-test.mjs	COPY_ACCEPTED_BLOB	b83a37abe3eb8b3a48c2fe89940b562e1367bfcc	b75a67a4dc9f05d22c17a055a62f4ca4ecbfc5f7	b75a67a4dc9f05d22c17a055a62f4ca4ecbfc5f7
tests/cartera-020b-persistence-foundation-test.mjs	COPY_ACCEPTED_BLOB	b83a37abe3eb8b3a48c2fe89940b562e1367bfcc	d2002801672f39490f28923cfa44cec0df5e69be	d2002801672f39490f28923cfa44cec0df5e69be
tests/cartera-020b-remote-acceptance-harness-test.mjs	COPY_ACCEPTED_BLOB	b83a37abe3eb8b3a48c2fe89940b562e1367bfcc	7daff271629f7c209f58901153bd31e3f1c0a7d4	7daff271629f7c209f58901153bd31e3f1c0a7d4
tests/cartera-020c-account-candidate-reconciliation-test.mjs	COPY_ACCEPTED_BLOB	b83a37abe3eb8b3a48c2fe89940b562e1367bfcc	92dfe1a4a671cd8681770a1bf532426076a24e52	92dfe1a4a671cd8681770a1bf532426076a24e52
tests/cartera-020c-authorization-digest-hardening-test.mjs	COPY_ACCEPTED_BLOB	b83a37abe3eb8b3a48c2fe89940b562e1367bfcc	a9812c8d94d60bbe35e66ce800d30db58af5b03d	a9812c8d94d60bbe35e66ce800d30db58af5b03d
tests/cartera-020c-conflict-ambiguity-hardening-test.mjs	COPY_ACCEPTED_BLOB	b83a37abe3eb8b3a48c2fe89940b562e1367bfcc	4ded8095dab0fc7cf5c6408f0c6cc6a6e2771372	4ded8095dab0fc7cf5c6408f0c6cc6a6e2771372
tests/cartera-020c-conflict-column-qualification-test.mjs	COPY_ACCEPTED_BLOB	b83a37abe3eb8b3a48c2fe89940b562e1367bfcc	db7b0a4eab867f3bbe7d7d6a08471090d4d45572	db7b0a4eab867f3bbe7d7d6a08471090d4d45572
tests/cartera-020c-conflict-constraint-name-hardening-test.mjs	COPY_ACCEPTED_BLOB	b83a37abe3eb8b3a48c2fe89940b562e1367bfcc	476f21a8b52e5f22bb88164dd3b2466b24f629cd	476f21a8b52e5f22bb88164dd3b2466b24f629cd
tests/cartera-020c-conflict-persistence-hardening-test.mjs	COPY_ACCEPTED_BLOB	b83a37abe3eb8b3a48c2fe89940b562e1367bfcc	6c4f9f9f6467b6df0b29e029b05b2cfaf23df17a	6c4f9f9f6467b6df0b29e029b05b2cfaf23df17a
tests/cartera-020c-conflict-rls-verification-test.mjs	COPY_ACCEPTED_BLOB	b83a37abe3eb8b3a48c2fe89940b562e1367bfcc	36ce21271533197fdd12b21547987423062b4ae4	36ce21271533197fdd12b21547987423062b4ae4
tests/cartera-020c-governed-command-composer-test.mjs	COPY_ACCEPTED_BLOB	b83a37abe3eb8b3a48c2fe89940b562e1367bfcc	ec80a01b274e8c3d919433d6350fd34bba38b415	ec80a01b274e8c3d919433d6350fd34bba38b415
tests/cartera-020c-identity-policy-confirmation-review-scope-test.mjs	COPY_ACCEPTED_BLOB	b83a37abe3eb8b3a48c2fe89940b562e1367bfcc	eac53677b85347fb3e72996150f92e4d4983708a	eac53677b85347fb3e72996150f92e4d4983708a
tests/cartera-020c-management-api-retry-test.mjs	COPY_ACCEPTED_BLOB	b83a37abe3eb8b3a48c2fe89940b562e1367bfcc	ac9cfd3bde06da1654bef51ac645b21429a5c136	ac9cfd3bde06da1654bef51ac645b21429a5c136
tests/cartera-020c-persistent-confirmation-orchestration-contract-test.mjs	COPY_ACCEPTED_BLOB	b83a37abe3eb8b3a48c2fe89940b562e1367bfcc	079c0d1558fc59bad2b95adb2d7a8a562cde7478	079c0d1558fc59bad2b95adb2d7a8a562cde7478
tests/cartera-020c-persistent-confirmation-orchestration-service-test.mjs	COPY_ACCEPTED_BLOB	b83a37abe3eb8b3a48c2fe89940b562e1367bfcc	a64de54f63b7fe3843920d7e3fbe0bc95e27ca53	a64de54f63b7fe3843920d7e3fbe0bc95e27ca53
tests/cartera-020c-remote-acceptance-harness-test.mjs	COPY_ACCEPTED_BLOB	b83a37abe3eb8b3a48c2fe89940b562e1367bfcc	b2cf0f70fbf786cfac07953ab07611f7c3a8c452	b2cf0f70fbf786cfac07953ab07611f7c3a8c452
tests/cartera-020c-remote-closure-test.mjs	COPY_ACCEPTED_BLOB	b83a37abe3eb8b3a48c2fe89940b562e1367bfcc	58e0e3a383b7bfcd86ecaca4a9fb8e8929866e0b	58e0e3a383b7bfcd86ecaca4a9fb8e8929866e0b
tests/cartera-020c-retry-version-qualification-test.mjs	COPY_ACCEPTED_BLOB	b83a37abe3eb8b3a48c2fe89940b562e1367bfcc	f3e8e1665762c7643e9221ddc088df9f3122872d	f3e8e1665762c7643e9221ddc088df9f3122872d
tests/cartera-020c-review-read-model-service-test.mjs	COPY_ACCEPTED_BLOB	b83a37abe3eb8b3a48c2fe89940b562e1367bfcc	2212a36c842e52cabd65d13d773c19ffdbe8ab5c	2212a36c842e52cabd65d13d773c19ffdbe8ab5c
tests/cartera-030a-policy-payment-calendar-scope-test.mjs	COPY_ACCEPTED_BLOB	b83a37abe3eb8b3a48c2fe89940b562e1367bfcc	44025d5523db49029de9f2fcd60974d352aee222	44025d5523db49029de9f2fcd60974d352aee222
tests/cartera-030b-durable-conflict-receipt-hardening-test.mjs	COPY_ACCEPTED_BLOB	b83a37abe3eb8b3a48c2fe89940b562e1367bfcc	fa097ba9051ad84b5e636e6740066d97401c8044	fa097ba9051ad84b5e636e6740066d97401c8044
tests/cartera-030b-ledger-sql-contract-test.mjs	COPY_ACCEPTED_BLOB	b83a37abe3eb8b3a48c2fe89940b562e1367bfcc	7b2e79bc60f9a343aeb2d030edee5792e413ad1a	7b2e79bc60f9a343aeb2d030edee5792e413ad1a
tests/cartera-030b-payment-obligation-service-test.mjs	COPY_ACCEPTED_BLOB	b83a37abe3eb8b3a48c2fe89940b562e1367bfcc	4fd93b941e74b64f4511d114cac66c78ed6174f6	4fd93b941e74b64f4511d114cac66c78ed6174f6
tests/cartera-030b-payment-reconciliation-test.mjs	COPY_ACCEPTED_BLOB	b83a37abe3eb8b3a48c2fe89940b562e1367bfcc	c2cc791f557d4ae7dbd3235147bcc67ac2b788f6	c2cc791f557d4ae7dbd3235147bcc67ac2b788f6
tests/cartera-030b-pgcrypto-schema-qualification-test.mjs	COPY_ACCEPTED_BLOB	b83a37abe3eb8b3a48c2fe89940b562e1367bfcc	b24e589133173ae9f167391ff4e049321ab2d49e	b24e589133173ae9f167391ff4e049321ab2d49e
tests/cartera-030b-policy-calendar-read-model-test.mjs	COPY_ACCEPTED_BLOB	b83a37abe3eb8b3a48c2fe89940b562e1367bfcc	13cfca2480620dd42709837ff360c1e4031ecfa5	13cfca2480620dd42709837ff360c1e4031ecfa5
tests/cartera-030b-recurrence-engine-test.mjs	COPY_ACCEPTED_BLOB	b83a37abe3eb8b3a48c2fe89940b562e1367bfcc	ba4890a58ae8bd68a8c72fd12e4683dd0623809b	ba4890a58ae8bd68a8c72fd12e4683dd0623809b
tests/cartera-030b-remote-acceptance-contract-test.mjs	COPY_ACCEPTED_BLOB	b83a37abe3eb8b3a48c2fe89940b562e1367bfcc	92bb70b71e2388781ecd6d7ae9627e507c0d1418	92bb70b71e2388781ecd6d7ae9627e507c0d1418
tests/cartera-030c-confirmed-payment-reconciliation-service-test.mjs	COPY_ACCEPTED_BLOB	b83a37abe3eb8b3a48c2fe89940b562e1367bfcc	9e029e7a6b09aa48ec8c6b6c70aeb04be1259ac4	9e029e7a6b09aa48ec8c6b6c70aeb04be1259ac4
tests/cartera-030c-sql-contract-test.mjs	COPY_ACCEPTED_BLOB	b83a37abe3eb8b3a48c2fe89940b562e1367bfcc	43608906b4a95007700035da2374349fdc92bd15	43608906b4a95007700035da2374349fdc92bd15
tests/cartera-030cd-ui-integration-test.mjs	COPY_ACCEPTED_BLOB	b83a37abe3eb8b3a48c2fe89940b562e1367bfcc	5a33e0e0f55563c695a7d3acaf2a324517a53edc	5a33e0e0f55563c695a7d3acaf2a324517a53edc
tests/cartera-030d-policy-payment-calendar-service-test.mjs	COPY_ACCEPTED_BLOB	b83a37abe3eb8b3a48c2fe89940b562e1367bfcc	0885c53f8862a55098832fa6a3e5ddb1e5467f29	0885c53f8862a55098832fa6a3e5ddb1e5467f29
tests/cartera-030d-policy-payment-calendar-view-test.mjs	COPY_ACCEPTED_BLOB	b83a37abe3eb8b3a48c2fe89940b562e1367bfcc	dbf2fe7f3a9cdfcc8d1d991316f7a6d0da4d1b0e	dbf2fe7f3a9cdfcc8d1d991316f7a6d0da4d1b0e
tests/cartera-030d-sql-contract-test.mjs	COPY_ACCEPTED_BLOB	b83a37abe3eb8b3a48c2fe89940b562e1367bfcc	e9d36f375c5bd769b8d56bb8539d17380dc12cbb	e9d36f375c5bd769b8d56bb8539d17380dc12cbb
tests/cartera-040a-relationship-memory-service-test.mjs	COPY_ACCEPTED_BLOB	b83a37abe3eb8b3a48c2fe89940b562e1367bfcc	f0cfaf302d212424589ee686d74ca57fa529d790	f0cfaf302d212424589ee686d74ca57fa529d790
tests/cartera-040a-sql-contract-test.mjs	COPY_ACCEPTED_BLOB	b83a37abe3eb8b3a48c2fe89940b562e1367bfcc	87ab6f6c66c2e0faa51d4d9ec9377ee721445971	87ab6f6c66c2e0faa51d4d9ec9377ee721445971
tests/cartera-040abcd-ui-integration-test.mjs	COPY_ACCEPTED_BLOB	b83a37abe3eb8b3a48c2fe89940b562e1367bfcc	3d2d9424823fde2570cabdeea3eff23a9f9fde75	3d2d9424823fde2570cabdeea3eff23a9f9fde75
tests/cartera-040b-read-sql-contract-test.mjs	COPY_ACCEPTED_BLOB	b83a37abe3eb8b3a48c2fe89940b562e1367bfcc	261b2cbef308a097dee637a6e7580db316568977	261b2cbef308a097dee637a6e7580db316568977
tests/cartera-040b-relationship-memory-projection-test.mjs	COPY_ACCEPTED_BLOB	b83a37abe3eb8b3a48c2fe89940b562e1367bfcc	68f8029958f9c9a3ac2338544116e99bb99b00b8	68f8029958f9c9a3ac2338544116e99bb99b00b8
tests/cartera-040d-relationship-brief-view-test.mjs	COPY_ACCEPTED_BLOB	b83a37abe3eb8b3a48c2fe89940b562e1367bfcc	5018829cdc1ab2ed835446a2e0bddf607fbaeef4	5018829cdc1ab2ed835446a2e0bddf607fbaeef4
tests/cartera-050a-future-radar-projection-test.mjs	COPY_ACCEPTED_BLOB	b83a37abe3eb8b3a48c2fe89940b562e1367bfcc	3861ee23f4e3899dbb7883db82bac6a62836c93d	3861ee23f4e3899dbb7883db82bac6a62836c93d
tests/cartera-050a-future-radar-service-test.mjs	COPY_ACCEPTED_BLOB	b83a37abe3eb8b3a48c2fe89940b562e1367bfcc	0e44c6a5f0f716755af56b09fdcb7d6af9390f07	0e44c6a5f0f716755af56b09fdcb7d6af9390f07
tests/cartera-050ab-sql-contract-test.mjs	COPY_ACCEPTED_BLOB	b83a37abe3eb8b3a48c2fe89940b562e1367bfcc	eef870c284b43122d22f176406530e35ba2f94ba	eef870c284b43122d22f176406530e35ba2f94ba
tests/cartera-050abcd-ui-integration-test.mjs	COPY_ACCEPTED_BLOB	b83a37abe3eb8b3a48c2fe89940b562e1367bfcc	929ca7aa1f33e1f976a3cd9c39025c06f1bcd565	929ca7aa1f33e1f976a3cd9c39025c06f1bcd565
tests/cartera-050c-authority-adapters-test.mjs	COPY_ACCEPTED_BLOB	b83a37abe3eb8b3a48c2fe89940b562e1367bfcc	faf6824e0404c05ee8018c3e11662c57fa8400c6	faf6824e0404c05ee8018c3e11662c57fa8400c6
tests/cartera-050d-future-radar-view-test.mjs	COPY_ACCEPTED_BLOB	b83a37abe3eb8b3a48c2fe89940b562e1367bfcc	eac0296b099f49803f63a605bfadd5de16c92052	eac0296b099f49803f63a605bfadd5de16c92052
tests/cartera-060a-growth-review-projection-test.mjs	COPY_ACCEPTED_BLOB	b83a37abe3eb8b3a48c2fe89940b562e1367bfcc	001b525327e17bccf216b2b8461367bdf78f127a	001b525327e17bccf216b2b8461367bdf78f127a
tests/cartera-060ab-sql-contract-test.mjs	COPY_ACCEPTED_BLOB	b83a37abe3eb8b3a48c2fe89940b562e1367bfcc	bb933d681b5eef27fb3823381555be3e876e13bf	bb933d681b5eef27fb3823381555be3e876e13bf
tests/cartera-060abcd-ui-integration-test.mjs	COPY_ACCEPTED_BLOB	b83a37abe3eb8b3a48c2fe89940b562e1367bfcc	8a05f0b9513711d0a4d7b5970e557d0319510eab	8a05f0b9513711d0a4d7b5970e557d0319510eab
tests/cartera-060b-growth-boundary-test.mjs	COPY_ACCEPTED_BLOB	b83a37abe3eb8b3a48c2fe89940b562e1367bfcc	a74573f51a58474d2d96fa9301eb19e7bd14a9bb	a74573f51a58474d2d96fa9301eb19e7bd14a9bb
tests/cartera-060c-service-contract-test.mjs	COPY_ACCEPTED_BLOB	b83a37abe3eb8b3a48c2fe89940b562e1367bfcc	c504bf273f96868b880a57e74de2cf8300dd46c3	c504bf273f96868b880a57e74de2cf8300dd46c3
tests/cartera-060d-growth-review-view-test.mjs	COPY_ACCEPTED_BLOB	b83a37abe3eb8b3a48c2fe89940b562e1367bfcc	84aec5f745db145dc855203015c8a44e8f898621	84aec5f745db145dc855203015c8a44e8f898621
tests/cartera-070a-relational-activation-projection-test.mjs	COPY_ACCEPTED_BLOB	b83a37abe3eb8b3a48c2fe89940b562e1367bfcc	a3bee95334c9fa0965631e7992402ef519343925	a3bee95334c9fa0965631e7992402ef519343925
tests/cartera-070ab-sql-contract-test.mjs	COPY_ACCEPTED_BLOB	b83a37abe3eb8b3a48c2fe89940b562e1367bfcc	b529c0c36c099c9ac2bc2d58bf14d0c770601e1c	b529c0c36c099c9ac2bc2d58bf14d0c770601e1c
tests/cartera-070abcd-ui-integration-test.mjs	COPY_ACCEPTED_BLOB	b83a37abe3eb8b3a48c2fe89940b562e1367bfcc	6971c9ebbd6183c36416f9ef26eda5966f410e3f	6971c9ebbd6183c36416f9ef26eda5966f410e3f
tests/cartera-070b-capacity-fit-policy-test.mjs	COPY_ACCEPTED_BLOB	b83a37abe3eb8b3a48c2fe89940b562e1367bfcc	7e96cde9134e79bcc75b74f1b3d57ab7ff132109	7e96cde9134e79bcc75b74f1b3d57ab7ff132109
tests/cartera-070c-action-review-boundary-test.mjs	COPY_ACCEPTED_BLOB	b83a37abe3eb8b3a48c2fe89940b562e1367bfcc	820559fd0d678ad4ea0acc8bd719b298542320f5	820559fd0d678ad4ea0acc8bd719b298542320f5
tests/cartera-070c-service-contract-test.mjs	COPY_ACCEPTED_BLOB	b83a37abe3eb8b3a48c2fe89940b562e1367bfcc	272697b59c5d19a138a44c2a1070f43ea44e92d1	272697b59c5d19a138a44c2a1070f43ea44e92d1
tests/cartera-070d-relational-activation-view-test.mjs	COPY_ACCEPTED_BLOB	b83a37abe3eb8b3a48c2fe89940b562e1367bfcc	6dcb8923586a9dfdaddded711c4829bb657bd87c	6dcb8923586a9dfdaddded711c4829bb657bd87c
tests/cartera-080-economic-connection-service-test.mjs	COPY_ACCEPTED_BLOB	b83a37abe3eb8b3a48c2fe89940b562e1367bfcc	54e598c61ad365ed84360322b27385cf72611496	54e598c61ad365ed84360322b27385cf72611496
tests/cartera-080-economic-connection-test.mjs	COPY_ACCEPTED_BLOB	b83a37abe3eb8b3a48c2fe89940b562e1367bfcc	2273e1e1969824176793d72acd4ca96c88b04892	2273e1e1969824176793d72acd4ca96c88b04892
tests/cartera-080-economic-connection-view-test.mjs	COPY_ACCEPTED_BLOB	b83a37abe3eb8b3a48c2fe89940b562e1367bfcc	091c9368e9a34e2ad6adb89c8680bf5a89839ee3	091c9368e9a34e2ad6adb89c8680bf5a89839ee3
tests/cartera-080-ui-integration-test.mjs	COPY_ACCEPTED_BLOB	b83a37abe3eb8b3a48c2fe89940b562e1367bfcc	a5f44957be209f74842d11e31ce258856f6f5e63	a5f44957be209f74842d11e31ce258856f6f5e63
tests/cartera-090a-relationship-capital-projection-test.mjs	COPY_ACCEPTED_BLOB	b83a37abe3eb8b3a48c2fe89940b562e1367bfcc	54df1464a8767b67071ee3461e1b1faf3a077c78	54df1464a8767b67071ee3461e1b1faf3a077c78
tests/cartera-090abcd-ui-integration-test.mjs	COPY_ACCEPTED_BLOB	b83a37abe3eb8b3a48c2fe89940b562e1367bfcc	c2bf8bb125a0a6e9247d20b3d9cca4ec3e7c9050	c2bf8bb125a0a6e9247d20b3d9cca4ec3e7c9050
tests/cartera-090b-relationship-capital-boundary-test.mjs	COPY_ACCEPTED_BLOB	b83a37abe3eb8b3a48c2fe89940b562e1367bfcc	bd875d98e399388bab408e05736121a7f37f7abf	bd875d98e399388bab408e05736121a7f37f7abf
tests/cartera-090c-relationship-capital-service-test.mjs	COPY_ACCEPTED_BLOB	b83a37abe3eb8b3a48c2fe89940b562e1367bfcc	6936b2141011ceeeaa23a4d9b154e21199f26e0e	6936b2141011ceeeaa23a4d9b154e21199f26e0e
tests/cartera-090d-relationship-capital-view-test.mjs	COPY_ACCEPTED_BLOB	b83a37abe3eb8b3a48c2fe89940b562e1367bfcc	bb639833d26a60757192de47036eb43f47d6b371	bb639833d26a60757192de47036eb43f47d6b371
tests/cartera-100a-productivity-proof-contract-test.mjs	COPY_ACCEPTED_BLOB	b83a37abe3eb8b3a48c2fe89940b562e1367bfcc	92674169ac360df8dd51b4b82448c0ad2caf70a2	92674169ac360df8dd51b4b82448c0ad2caf70a2
tests/cartera-100ab-sql-contract-test.mjs	COPY_ACCEPTED_BLOB	b83a37abe3eb8b3a48c2fe89940b562e1367bfcc	c0a37dba7a323464e347f2ef745f69bdee8c5a2a	c0a37dba7a323464e347f2ef745f69bdee8c5a2a
tests/cartera-100abcd-ui-integration-test.mjs	COPY_ACCEPTED_BLOB	b83a37abe3eb8b3a48c2fe89940b562e1367bfcc	7f55fea3982d7b0107a8c5e5ae75d561457f35a2	7f55fea3982d7b0107a8c5e5ae75d561457f35a2
tests/cartera-100b-outcome-learning-boundary-test.mjs	COPY_ACCEPTED_BLOB	b83a37abe3eb8b3a48c2fe89940b562e1367bfcc	0cb56082f13b594019d40450f75436768118ea8f	0cb56082f13b594019d40450f75436768118ea8f
tests/cartera-100c-productivity-proof-service-test.mjs	COPY_ACCEPTED_BLOB	b83a37abe3eb8b3a48c2fe89940b562e1367bfcc	8b46182b8e262d1316ad240a1c6f83bc145c30d4	8b46182b8e262d1316ad240a1c6f83bc145c30d4
tests/cartera-100d-productivity-proof-view-test.mjs	COPY_ACCEPTED_BLOB	b83a37abe3eb8b3a48c2fe89940b562e1367bfcc	74a5384479761c3e4550c7b24bcf0d6bb6f0fa19	74a5384479761c3e4550c7b24bcf0d6bb6f0fa19
tests/cartera-110abcd-program-completion-test.mjs	COPY_ACCEPTED_BLOB	b83a37abe3eb8b3a48c2fe89940b562e1367bfcc	a01b7af0fbcf60b4af60dec18c2ff04a6e763962	a01b7af0fbcf60b4af60dec18c2ff04a6e763962
app.js	RECONCILE_CURRENT_MAIN	9d014116f6b3f0a626d8848d680a5c607f924d99	831c44b3e827f7a4004fda1670a3dace5b5799f5	f26528f959de83f2559c611b910ed66cf424227e
docs/static-preview/forge-alive-material3/app.js	RECONCILE_BOUNDED_CARTERA_QUOTE_BRIDGE	9d014116f6b3f0a626d8848d680a5c607f924d99	e6eb3e49f1539e79b4fc75c5c855822c3d5beb7b	deef13040ee571e5b22fe224e92771c91a8250f7
legacy/quarantine/cartera-enterprise-main-pre-canonical-20260801.js	PRESERVE_PRE_PROMOTION_LEGACY	9d014116f6b3f0a626d8848d680a5c607f924d99	2e3c179b6dd1380a49a7b5705c5a40e5bd1cc34e	2e3c179b6dd1380a49a7b5705c5a40e5bd1cc34e
